PaymentID,OrderID,AmountPaid,PaymentMethod,PaymentStatus,PaymentDate
1,1,1996.11,Mobile Wallet,Pending,2024-08-03 00:30:56
2,2,2093.73,Mobile Wallet,Paid,2024-12-17 18:57:41
3,3,16019.29,Debit Card,Paid,2025-08-14 14:45:36
4,4,19466.29,Debit Card,Pending,2024-12-12 21:39:14
5,5,16378.84,Bank Transfer,Paid,2025-08-02 20:21:10
6,6,23517.86,Bank Transfer,Paid,2025-01-22 08:22:28
7,7,9649.71,Bank Transfer,Paid,2025-07-05 00:53:32
8,8,15318.7,Debit Card,Paid,2026-01-02 02:22:35
9,9,7585.3,Mobile Wallet,Paid,2024-10-28 13:44:30
10,10,9643.56,Cash on Delivery,Paid,2025-12-09 15:56:52
11,11,27906.08,Mobile Wallet,Pending,2024-07-31 06:05:06
12,12,31638.92,Debit Card,Paid,2025-09-15 14:40:10
13,13,18740.48,Credit Card,Paid,2025-11-14 06:22:01
14,14,28196.35,Debit Card,Refunded,2024-08-18 23:00:44
15,15,7863.01,Debit Card,Failed,2024-11-18 05:40:08
16,16,24387.42,Mobile Wallet,Paid,2025-02-09 07:53:44
17,17,46609.87,Debit Card,Paid,2026-02-13 19:22:49
18,18,26665.84,PayPal,Paid,2025-10-12 16:34:06
19,19,18039.77,Debit Card,Paid,2024-08-25 13:22:18
20,20,10880.88,Mobile Wallet,Paid,2025-11-08 06:36:26
21,21,27108.18,Mobile Wallet,Paid,2024-07-23 06:49:02
22,22,2383.98,PayPal,Paid,2025-04-27 11:14:48
23,23,1139.09,Credit Card,Pending,2025-02-01 08:11:24
24,24,26032.37,Bank Transfer,Paid,2026-03-31 23:00:57
25,25,11117.44,Cash on Delivery,Paid,2025-11-12 15:16:10
26,26,34731.21,Cash on Delivery,Paid,2026-04-10 15:53:19
27,27,38097.23,Cash on Delivery,Pending,2024-07-31 17:10:43
28,28,5860.54,Credit Card,Paid,2026-04-12 15:43:48
29,29,15856.03,Credit Card,Paid,2025-11-04 18:52:16
30,30,29432.77,PayPal,Paid,2025-01-03 06:26:38
31,31,39342.85,Mobile Wallet,Paid,2025-04-22 05:58:38
32,32,16200.34,Cash on Delivery,Paid,2026-07-01 17:11:54
33,33,10750.76,PayPal,Refunded,2024-09-28 15:54:40
34,34,33928.51,PayPal,Paid,2025-03-04 11:07:45
35,35,8167.0,PayPal,Paid,2026-04-11 04:33:01
36,36,25116.1,Cash on Delivery,Paid,2025-08-09 11:46:21
37,37,7791.52,Cash on Delivery,Paid,2024-11-30 09:53:12
38,38,28316.09,Bank Transfer,Pending,2025-07-17 12:52:35
39,39,25140.48,Mobile Wallet,Refunded,2025-06-16 21:54:07
40,40,29791.88,Credit Card,Failed,2026-05-24 06:01:47
41,41,15089.07,PayPal,Paid,2024-08-02 20:25:55
42,42,226.1,Credit Card,Paid,2025-01-13 05:52:00
43,43,7953.59,PayPal,Paid,2025-08-07 15:09:45
44,44,31887.38,Credit Card,Paid,2025-03-18 08:41:21
45,45,31922.14,Debit Card,Paid,2025-04-30 23:36:12
46,46,15453.58,Debit Card,Paid,2024-11-10 00:14:50
47,47,12883.44,Debit Card,Refunded,2025-03-27 14:17:07
48,48,11658.91,Credit Card,Paid,2025-03-31 06:16:40
49,49,29557.83,Cash on Delivery,Paid,2025-10-17 21:57:21
50,50,8173.62,Credit Card,Paid,2025-01-05 16:44:06
51,51,34193.98,Debit Card,Pending,2026-07-02 18:48:56
52,52,3374.91,PayPal,Paid,2025-07-17 18:24:24
53,53,17663.09,Mobile Wallet,Pending,2026-03-03 11:25:21
54,54,47049.81,PayPal,Paid,2025-10-17 04:47:52
55,55,22377.11,Credit Card,Paid,2026-04-21 01:15:17
56,56,51498.13,Debit Card,Failed,2026-04-27 21:48:31
57,57,20556.6,Credit Card,Paid,2026-03-04 23:25:01
58,58,18265.62,Bank Transfer,Paid,2024-08-07 08:17:19
59,59,54496.4,PayPal,Paid,2025-08-27 15:38:13
60,60,19714.85,Credit Card,Paid,2025-02-06 03:55:50
61,61,29934.66,Cash on Delivery,Paid,2024-11-06 03:22:54
62,62,29575.39,PayPal,Paid,2026-05-03 03:33:13
63,63,1606.43,Credit Card,Pending,2025-11-09 14:43:08
64,64,18165.93,PayPal,Paid,2024-09-19 04:53:12
65,65,22462.46,Mobile Wallet,Paid,2025-04-21 21:22:42
66,66,33171.84,Cash on Delivery,Failed,2026-06-18 10:35:04
67,67,36612.75,Cash on Delivery,Paid,2025-10-07 19:51:28
68,68,42944.48,PayPal,Paid,2025-10-16 18:06:13
69,69,3853.54,Mobile Wallet,Failed,2024-12-29 22:51:53
70,70,28109.18,Credit Card,Refunded,2025-01-08 10:35:49
71,71,9104.94,Bank Transfer,Paid,2024-11-06 10:37:53
72,72,4362.12,Debit Card,Paid,2026-06-27 03:41:54
73,73,7184.45,Cash on Delivery,Paid,2026-05-13 04:45:03
74,74,7738.04,Mobile Wallet,Failed,2025-03-15 16:34:07
75,75,21463.59,PayPal,Paid,2025-08-16 22:53:18
76,76,29744.48,Mobile Wallet,Paid,2024-12-16 03:28:33
77,77,17327.73,Debit Card,Paid,2024-10-26 21:09:49
78,78,18833.12,Credit Card,Paid,2025-08-16 03:27:43
79,79,7672.31,Credit Card,Paid,2026-02-21 06:45:52
80,80,22395.24,Mobile Wallet,Paid,2026-04-09 03:10:46
81,81,23572.9,Cash on Delivery,Paid,2025-02-28 04:55:05
82,82,4793.19,Debit Card,Refunded,2025-12-14 09:49:09
83,83,16833.74,Credit Card,Paid,2025-08-04 19:48:46
84,84,25728.84,Bank Transfer,Paid,2024-10-24 20:53:18
85,85,3158.1,Bank Transfer,Paid,2026-07-15 17:35:31
86,86,24320.85,Credit Card,Paid,2026-07-01 02:33:32
87,87,29219.12,Cash on Delivery,Paid,2024-11-01 06:26:55
88,88,5502.11,Bank Transfer,Paid,2026-05-30 15:08:23
89,89,26907.66,Mobile Wallet,Paid,2026-05-17 22:04:34
90,90,40386.92,Cash on Delivery,Paid,2025-03-06 10:53:52
91,91,21553.4,Credit Card,Paid,2025-08-29 07:43:45
92,92,26456.64,PayPal,Paid,2026-06-10 01:08:02
93,93,10305.17,PayPal,Pending,2024-10-11 14:12:56
94,94,9339.41,Bank Transfer,Paid,2025-03-07 03:40:30
95,95,10677.67,Bank Transfer,Paid,2026-04-20 05:05:59
96,96,16185.21,Cash on Delivery,Paid,2025-12-29 14:30:57
97,97,2652.32,PayPal,Refunded,2026-01-26 22:56:45
98,98,32380.47,PayPal,Paid,2026-04-21 21:45:24
99,99,9073.5,Debit Card,Pending,2025-05-16 17:27:35
100,100,18042.92,Credit Card,Paid,2025-05-14 03:34:30
101,101,5721.53,Credit Card,Paid,2025-06-05 06:14:55
102,102,18152.12,Debit Card,Paid,2026-05-30 06:05:17
103,103,37963.89,Credit Card,Paid,2026-04-30 17:09:58
104,104,62895.56,Bank Transfer,Paid,2026-05-30 05:59:53
105,105,8798.51,Mobile Wallet,Paid,2025-02-02 05:46:10
106,106,806.92,Bank Transfer,Paid,2026-02-07 11:39:07
107,107,30362.49,PayPal,Paid,2024-10-03 13:34:19
108,108,42257.5,PayPal,Paid,2024-11-30 06:35:36
109,109,30947.72,Bank Transfer,Paid,2026-01-25 20:34:11
110,110,7077.09,Debit Card,Paid,2025-10-08 03:40:27
111,111,9069.48,Credit Card,Paid,2025-01-28 03:12:50
112,112,57060.21,Debit Card,Pending,2025-09-05 00:50:02
113,113,32889.52,Bank Transfer,Paid,2025-01-01 12:56:00
114,114,38253.69,PayPal,Paid,2025-01-02 22:13:09
115,115,4170.38,Mobile Wallet,Pending,2025-12-02 07:29:08
116,116,27410.26,Credit Card,Paid,2025-04-06 15:06:14
117,117,31425.32,Mobile Wallet,Pending,2025-12-02 06:52:09
118,118,19632.75,Credit Card,Refunded,2025-06-30 06:16:04
119,119,1212.12,Credit Card,Paid,2025-07-19 01:13:12
120,120,10417.6,Credit Card,Paid,2025-10-02 08:13:22
121,121,13785.66,Bank Transfer,Paid,2025-12-19 19:29:03
122,122,31292.57,Credit Card,Paid,2025-04-17 05:47:00
123,123,9246.09,Mobile Wallet,Paid,2026-03-31 17:49:51
124,124,14563.45,Mobile Wallet,Paid,2025-07-12 10:29:41
125,125,25576.65,Credit Card,Failed,2024-10-25 05:30:49
126,126,19123.34,Debit Card,Paid,2024-12-06 12:50:42
127,127,55993.21,Credit Card,Paid,2024-08-10 20:44:23
128,128,49339.33,PayPal,Paid,2026-01-26 09:14:05
129,129,10984.41,Bank Transfer,Paid,2024-07-28 08:55:46
130,130,55100.81,Mobile Wallet,Paid,2025-01-30 23:44:23
131,131,6511.0,Debit Card,Paid,2025-05-14 20:59:46
132,132,11852.07,Cash on Delivery,Pending,2026-01-11 17:31:21
133,133,130.46,Credit Card,Paid,2026-07-10 07:06:57
134,134,30436.98,Cash on Delivery,Failed,2026-01-21 01:40:55
135,135,332.67,Cash on Delivery,Paid,2024-09-03 22:10:37
136,136,19449.86,Credit Card,Paid,2026-05-26 02:14:06
137,137,12629.84,Mobile Wallet,Paid,2026-07-07 03:15:26
138,138,29084.84,Mobile Wallet,Paid,2026-04-12 09:47:46
139,139,520.44,PayPal,Paid,2025-07-09 13:09:01
140,140,4787.86,Credit Card,Pending,2025-03-11 18:37:15
141,141,139.56,Debit Card,Pending,2025-06-17 05:09:53
142,142,33228.89,Debit Card,Paid,2025-01-13 17:12:09
143,143,21373.13,Credit Card,Paid,2025-05-08 21:38:11
144,144,25605.95,Mobile Wallet,Refunded,2024-08-17 19:59:05
145,145,7219.44,Debit Card,Paid,2026-01-04 22:11:25
146,146,26136.52,Credit Card,Failed,2025-04-20 08:14:38
147,147,31525.76,Debit Card,Refunded,2025-03-02 01:16:31
148,148,17012.53,PayPal,Paid,2025-10-07 03:18:59
149,149,18495.96,Debit Card,Paid,2026-01-10 05:17:48
150,150,46088.62,Bank Transfer,Paid,2025-09-23 08:01:29
151,151,17482.43,Mobile Wallet,Paid,2025-08-06 00:47:46
152,152,27918.86,PayPal,Paid,2026-04-18 22:30:48
153,153,17132.3,Cash on Delivery,Paid,2026-02-11 21:36:28
154,154,170.14,PayPal,Paid,2025-08-01 10:28:35
155,155,17770.43,Cash on Delivery,Refunded,2025-06-12 05:06:33
156,156,28192.66,Bank Transfer,Paid,2026-03-12 18:27:02
157,157,44319.63,Credit Card,Paid,2024-08-17 10:19:19
158,158,3855.93,Mobile Wallet,Paid,2026-07-15 06:13:54
159,159,6039.4,Debit Card,Paid,2025-07-30 12:21:09
160,160,18946.92,Credit Card,Paid,2025-05-02 20:22:20
161,161,2436.78,Credit Card,Paid,2026-01-05 13:21:20
162,162,16265.0,Cash on Delivery,Paid,2025-08-29 02:03:07
163,163,34201.35,Cash on Delivery,Paid,2025-07-29 07:11:30
164,164,10146.58,Credit Card,Paid,2025-10-21 08:56:03
165,165,19343.28,Debit Card,Paid,2024-08-22 10:55:50
166,166,22670.69,Bank Transfer,Paid,2025-02-14 22:31:24
167,167,7618.15,Mobile Wallet,Paid,2025-05-04 00:57:03
168,168,3329.4,Debit Card,Paid,2025-02-25 14:00:13
169,169,31386.53,Cash on Delivery,Paid,2026-03-14 06:09:39
170,170,13985.5,PayPal,Paid,2025-06-20 00:49:25
171,171,24705.1,Mobile Wallet,Paid,2025-05-21 14:06:39
172,172,8547.41,Debit Card,Paid,2025-10-08 18:52:57
173,173,17169.94,Credit Card,Paid,2024-08-26 09:59:33
174,174,10211.9,Mobile Wallet,Paid,2025-07-30 00:58:13
175,175,26781.84,Credit Card,Paid,2024-10-30 05:23:00
176,176,18086.78,Credit Card,Paid,2026-03-15 14:00:04
177,177,27562.38,PayPal,Paid,2025-06-13 04:39:38
178,178,16566.97,Mobile Wallet,Paid,2025-12-28 07:48:12
179,179,1270.57,Credit Card,Paid,2024-10-07 22:46:35
180,180,24348.41,PayPal,Paid,2026-02-05 23:02:50
181,181,13915.06,Debit Card,Pending,2026-06-01 16:30:37
182,182,20419.04,Cash on Delivery,Paid,2025-12-08 20:38:44
183,183,34763.94,Credit Card,Paid,2024-10-23 12:50:17
184,184,2211.84,Bank Transfer,Paid,2025-05-15 04:01:47
185,185,28008.95,PayPal,Pending,2025-06-11 19:25:15
186,186,16839.2,Credit Card,Paid,2024-11-26 02:43:12
187,187,17765.51,Debit Card,Pending,2025-09-22 00:50:03
188,188,15975.78,PayPal,Paid,2025-12-20 17:16:14
189,189,15797.37,Credit Card,Paid,2024-12-12 11:52:53
190,190,5583.38,Debit Card,Pending,2025-06-13 22:59:39
191,191,14073.71,Cash on Delivery,Paid,2025-01-15 22:01:45
192,192,8208.6,PayPal,Paid,2025-12-04 14:33:52
193,193,14695.84,Mobile Wallet,Paid,2026-05-11 23:38:36
194,194,5431.46,Cash on Delivery,Paid,2026-02-19 03:19:14
195,195,6317.17,Credit Card,Pending,2025-12-23 19:54:26
196,196,16626.89,Debit Card,Paid,2024-10-15 05:37:28
197,197,15378.36,Credit Card,Paid,2024-10-09 10:11:29
198,198,31915.05,PayPal,Paid,2025-06-10 04:20:38
199,199,15493.42,Credit Card,Pending,2025-04-08 16:39:21
200,200,6258.24,Cash on Delivery,Paid,2025-08-04 13:01:12
